matnr;mtart;mtbez;pstat;lvorm;matkl;wgbez;meins
000000000001000001;FERT;완제품;KDALBVQGC;;P001;2차 가공품;KG
000000000001000003;FERT;완제품;KDALBVQGC;;P001;2차 가공품;KG
000000000001000007;FERT;완제품;KDALBVQGC;;P001;2차 가공품;KG
000000000001000008;FERT;완제품;KDALBVQGC;;P001;2차 가공품;KG
000000000001000009;FERT;완제품;KDALBVQGC;;P001;2차 가공품;KG
000000000001000010;FERT;완제품;KDALBVQGC;;P001;2차 가공품;KG
000000000001000011;FERT;완제품;KDALBVQGC;;P001;2차 가공품;KG
000000000001000012;FERT;완제품;KDALBVQGC;;P001;2차 가공품;KG
000000000001000013;FERT;완제품;KDALBVQGC;;P001;2차 가공품;KG
000000000001000014;FERT;완제품;KDALBVQGC;;P001;2차 가공품;KG
000000000001000018;FERT;완제품;KDALBVQGC;;P002;구매자재;KG
000000000001000020;FERT;완제품;KDALBVQGC;;P001;2차 가공품;KG
000000000001000025;FERT;완제품;KDALBVQGC;;P001;2차 가공품;KG
000000000001000031;FERT;완제품;KDALBVQGC;;P001;2차 가공품;KG
000000000001000032;FERT;완제품;KDALBVQGC;;P001;2차 가공품;KG
000000000001000033;FERT;완제품;KDALBVQGC;;P001;2차 가공품;KG
000000000001000034;FERT;완제품;KDALBVQGC;;P002;구매자재;KG
000000000001000035;FERT;완제품;KDALBVQGC;;P002;구매자재;KG
000000000001000039;FERT;완제품;KDALBVQGC;;P001;2차 가공품;KG
000000000001000040;FERT;완제품;KDALBVQGC;;P001;2차 가공품;KG
000000000001000041;FERT;완제품;KDALBVQGC;;P001;2차 가공품;KG
000000000001000042;FERT;완제품;KDALBVQGC;;P001;2차 가공품;KG
000000000001000043;FERT;완제품;KDALBVQGC;;P001;2차 가공품;KG
000000000001000044;FERT;완제품;KDALBVQGC;;P001;2차 가공품;KG
000000000001000046;FERT;완제품;KDALBVQGC;;P002;구매자재;KG
000000000001000047;FERT;완제품;KDALBVQGC;;P001;2차 가공품;KG
000000000001000048;FERT;완제품;KDALBVQGC;;P001;2차 가공품;KG
000000000001000049;FERT;완제품;KDALBVQGC;;P001;2차 가공품;KG
000000000001000050;FERT;완제품;KDALBVQGC;;P001;2차 가공품;KG
000000000001000051;FERT;완제품;KDALBVQGC;;P001;2차 가공품;KG
000000000001000052;FERT;완제품;KDALBVQGC;;P001;2차 가공품;KG
000000000001000053;FERT;완제품;KDALBVQGC;;P001;2차 가공품;KG
000000000001000056;FERT;완제품;KDALBVQGC;;P001;2차 가공품;KG
000000000001000057;FERT;완제품;KDALBVQGC;;P001;2차 가공품;KG
000000000001000058;FERT;완제품;KDALBVQGC;;P002;구매자재;KG
000000000001000059;FERT;완제품;KDALBVQGC;;P002;구매자재;KG
000000000001000060;FERT;완제품;KDALBVQGC;;P002;구매자재;KG
000000000001000061;FERT;완제품;KDALBVQGC;;P002;구매자재;KG
000000000001000062;FERT;완제품;KDALBVQGC;;P001;2차 가공품;KG
000000000001000063;FERT;완제품;KDALBVQGC;;P001;2차 가공품;KG
000000000001000064;FERT;완제품;KDALBVQGC;;P001;2차 가공품;KG
000000000001000065;FERT;완제품;KDALBVQGC;;P001;2차 가공품;KG
000000000001000066;FERT;완제품;KDALBVQGC;;P001;2차 가공품;KG
000000000001000069;FERT;완제품;KDALBVQGC;;P002;구매자재;KG
000000000001000070;FERT;완제품;KDALBVQGC;;P002;구매자재;KG
000000000001000071;FERT;완제품;KDALBVQGC;;P002;구매자재;KG
000000000001000072;FERT;완제품;KDALBVQGC;;P002;구매자재;KG
000000000001000073;FERT;완제품;KDALBVQGC;;P003;1차 가공품;KG
000000000001000074;FERT;완제품;KDALBVQGC;;P002;구매자재;KG
000000000001000075;FERT;완제품;KDALBVQGC;;P001;2차 가공품;KG
000000000001000076;FERT;완제품;KDALBVQGC;;P002;구매자재;KG
000000000001000077;FERT;완제품;KDALBVQGC;;P001;2차 가공품;KG
000000000001000078;FERT;완제품;KDALBVQGC;;P001;2차 가공품;KG
000000000001000079;FERT;완제품;KDALBVQGC;;P001;2차 가공품;KG
000000000001000080;FERT;완제품;KDALBVQGC;;P002;구매자재;KG
000000000001000081;FERT;완제품;KDALBVQGC;;P003;1차 가공품;KG
000000000001000082;FERT;완제품;KDALBVQGC;;P003;1차 가공품;KG
000000000001000083;FERT;완제품;KDALBVQGC;;P001;2차 가공품;KG
000000000001000084;FERT;완제품;KDALBVQGC;;P001;2차 가공품;KG
000000000001000085;FERT;완제품;KDALBVQGC;;P001;2차 가공품;KG
000000000001000086;FERT;완제품;KDALBVQGC;;P001;2차 가공품;KG
000000000001000087;FERT;완제품;KDALBVQGC;;P001;2차 가공품;KG
000000000001000088;FERT;완제품;KDALBVQGC;;P001;2차 가공품;KG
000000000001000089;FERT;완제품;KDALBVQGC;;P001;2차 가공품;KG
000000000001000090;FERT;완제품;KDALBVQGC;;P001;2차 가공품;KG
000000000001000091;FERT;완제품;KDALBVQGC;;P001;2차 가공품;KG
000000000001000092;FERT;완제품;KDALBVQGC;;P002;구매자재;KG
000000000001000093;FERT;완제품;KDALBVQGC;;P001;2차 가공품;KG
000000000001000094;FERT;완제품;KDALBVQGC;;P001;2차 가공품;KG
000000000001000095;FERT;완제품;KDALBVQGC;;P001;2차 가공품;KG
000000000001000096;FERT;완제품;KDALBVQGC;;P001;2차 가공품;KG
000000000001000097;FERT;완제품;KDALBVQGC;;P001;2차 가공품;KG
000000000001000098;FERT;완제품;KDALBVQGC;;P001;2차 가공품;KG
000000000001000099;FERT;완제품;KDALBVQGC;;P001;2차 가공품;KG
000000000001000100;FERT;완제품;KDALBVQGC;;P001;2차 가공품;KG
000000000001000101;FERT;완제품;KDALBVQGC;;P001;2차 가공품;KG
000000000001000102;FERT;완제품;KDALBVQGC;;P001;2차 가공품;KG
000000000001000103;FERT;완제품;KDALBVQGC;;P001;2차 가공품;KG
000000000001000104;FERT;완제품;KDALBVQGC;;P001;2차 가공품;KG
000000000001000105;FERT;완제품;KDALBVQGC;;P001;2차 가공품;KG
000000000001000106;FERT;완제품;KDALBVQGC;;P001;2차 가공품;KG
000000000001000107;FERT;완제품;KDALBVQGC;;P001;2차 가공품;KG
000000000001000108;FERT;완제품;KDALBVQGC;;P001;2차 가공품;KG
000000000001000109;FERT;완제품;KDALBVQGC;;P001;2차 가공품;KG
000000000001000110;FERT;완제품;KDALBVQGC;;P002;구매자재;KG
000000000001000111;FERT;완제품;KDALBVQGC;;P002;구매자재;KG
000000000001000112;FERT;완제품;KDALBVQGC;;P001;2차 가공품;KG
000000000001000114;FERT;완제품;KDALBVQGC;;P001;2차 가공품;KG
000000000001000115;FERT;완제품;KDALBVQGC;;P002;구매자재;KG
000000000001000116;FERT;완제품;KDALBVQGC;;P001;2차 가공품;KG
000000000001000117;FERT;완제품;KDALBVQGC;;P001;2차 가공품;KG
000000000001000121;FERT;완제품;KDALBVQGC;;P001;2차 가공품;KG
000000000001000122;FERT;완제품;KDALBVQGC;;P001;2차 가공품;KG
000000000001000123;FERT;완제품;KDALBVQGC;;P001;2차 가공품;KG
000000000001000124;FERT;완제품;KDALBVQGC;;P002;구매자재;KG
000000000001000125;FERT;완제품;KDALBVQGC;;P001;2차 가공품;KG
000000000001000126;FERT;완제품;KDALBVQGC;;P001;2차 가공품;KG
000000000001000129;FERT;완제품;KDALBVQGC;;P001;2차 가공품;KG
000000000001000130;FERT;완제품;KDALBVQGC;;P001;2차 가공품;KG
000000000001000131;FERT;완제품;KDALBVQGC;;P003;1차 가공품;KG
000000000001000132;FERT;완제품;KDALBVQGC;;P001;2차 가공품;KG
000000000001000133;FERT;완제품;KDALBVQGC;;P001;2차 가공품;KG
000000000001000134;FERT;완제품;KDALBVQGC;;P002;구매자재;KG
000000000001000147;FERT;완제품;KDALBVQGC;;P001;2차 가공품;KG
000000000001000153;FERT;완제품;KDALBVQGC;;P001;2차 가공품;KG
000000000001000157;FERT;완제품;KDALBVQGC;;P002;구매자재;KG
000000000001000158;FERT;완제품;KDALBVQGC;;P002;구매자재;KG
000000000001000159;FERT;완제품;KDALBVQGC;;P002;구매자재;KG
000000000001000160;FERT;완제품;KDALBVQGC;;P002;구매자재;KG
000000000001000161;FERT;완제품;KDALBVQGC;;P002;구매자재;KG
000000000001000162;FERT;완제품;KDALBVQGC;;P002;구매자재;KG
000000000001000163;FERT;완제품;KDALBVQGC;;P002;구매자재;KG
000000000001000166;FERT;완제품;KDALBVQGC;;P001;2차 가공품;KG
000000000001000168;FERT;완제품;KDALBVQGC;;P001;2차 가공품;KG
000000000001000169;FERT;완제품;KDALBVQGC;;P002;구매자재;KG
000000000001000173;FERT;완제품;KDALBVQGC;;P002;구매자재;KG
000000000001000177;FERT;완제품;KDALBVQGC;;P003;1차 가공품;KG
000000000001000178;FERT;완제품;KDALBVQGC;;P002;구매자재;KG
000000000001000183;FERT;완제품;KDALBVQGC;;P003;1차 가공품;KG
000000000001000184;FERT;완제품;KDALBVQGC;;P001;2차 가공품;KG
000000000001000185;FERT;완제품;KDALBVQGC;;P002;구매자재;KG
000000000001000186;FERT;완제품;KDALBVQGC;;P001;2차 가공품;KG
000000000001000187;FERT;완제품;KDALBVQGC;;P001;2차 가공품;KG
000000000001000188;FERT;완제품;KDALBVQGC;;P001;2차 가공품;KG
000000000001000191;FERT;완제품;KDALBVQGC;;P001;2차 가공품;KG
000000000001000193;FERT;완제품;KDALBVQGC;;P001;2차 가공품;KG
000000000001000194;FERT;완제품;KDALBVQGC;;P001;2차 가공품;KG
000000000001000195;FERT;완제품;KDALBVQGC;;P001;2차 가공품;KG
000000000001000197;FERT;완제품;KDALBVQGC;;P001;2차 가공품;KG
000000000001000198;FERT;완제품;KDALBVQGC;;P001;2차 가공품;KG
000000000001000199;FERT;완제품;KDALBVQGC;;P001;2차 가공품;KG
000000000001000200;FERT;완제품;KDALBVQGC;;P001;2차 가공품;KG
000000000001000201;FERT;완제품;KDALBVQGC;;P001;2차 가공품;KG
000000000001000202;FERT;완제품;KDALBVQGC;;P001;2차 가공품;KG
000000000001000204;FERT;완제품;KDALBVQGC;;P001;2차 가공품;KG
000000000001000207;FERT;완제품;KDALBVQGC;;P001;2차 가공품;KG
000000000001000208;FERT;완제품;KDALBVQGC;;P001;2차 가공품;KG
000000000001000210;FERT;완제품;KDALBVQGC;;P001;2차 가공품;KG
000000000001900000;ZFER;시제품;KLVQ;;P999;기타;KG
000000000001900001;ZFER;시제품;KLVQ;;P999;기타;KG
000000000001900002;ZFER;시제품;KLVQ;;P999;기타;KG
000000000001900005;ZFER;시제품;KLVQ;;P999;기타;KG
000000000001900006;ZFER;시제품;KLVQ;;P999;기타;KG
000000000001900011;ZFER;시제품;KLVQ;;P999;기타;KG
000000000001900012;ZFER;시제품;KLVQ;;P999;기타;KG
000000000001900013;ZFER;시제품;KLVQC;;P999;기타;KG
000000000002000001;HAWA;교역품;KDELBVQG;;P002;구매자재;KG
000000000002000002;HAWA;교역품;KDELBVQG;;P002;구매자재;KG
000000000002000003;HAWA;교역품;KDELBVQG;;P002;구매자재;KG
000000000002000004;HAWA;교역품;KDELBVQG;;P002;구매자재;KG
000000000002000005;HAWA;교역품;KDELBVQG;;P002;구매자재;KG
000000000002000006;HAWA;교역품;KDELBVQG;;P002;구매자재;KG
000000000002000007;HAWA;교역품;KDELBVQG;;P002;구매자재;KG
000000000002000008;HAWA;교역품;KDELBVQG;;P002;구매자재;KG
000000000002000009;HAWA;교역품;KDELBVQG;;P002;구매자재;KG
000000000002000010;HAWA;교역품;KDELBVQG;;P002;구매자재;KG
000000000002000011;HAWA;교역품;KDELBVQG;;P002;구매자재;KG
000000000002000012;HAWA;교역품;KDELBVQG;;P002;구매자재;KG
000000000002000013;HAWA;교역품;KDELBVQG;;P002;구매자재;KG
000000000002000014;HAWA;교역품;KDELBVQG;;P002;구매자재;KG
000000000002000015;HAWA;교역품;KDELBVQG;;P002;구매자재;KG
000000000002000016;HAWA;교역품;KDELBVQG;;P002;구매자재;KG
000000000002000017;HAWA;교역품;KDELBVQG;;P002;구매자재;KG
000000000002000018;HAWA;교역품;KDELBVQG;;P002;구매자재;KG
000000000002000019;HAWA;교역품;KDELBVQG;;P002;구매자재;KG
000000000002000020;HAWA;교역품;KDELBVQG;;P002;구매자재;KG
000000000002000021;HAWA;교역품;KDELBVQG;;P002;구매자재;KG
000000000002000022;HAWA;교역품;KDELBVQG;;P002;구매자재;KG
000000000002000023;HAWA;교역품;KDELBVQG;;P002;구매자재;KG
000000000002000024;HAWA;교역품;KDELBVQG;;P001;2차 가공품;KG
000000000002000025;HAWA;교역품;KDELBVQG;;P001;2차 가공품;KG
000000000002000026;HAWA;교역품;KDELBVQG;;P001;2차 가공품;KG
000000000002000027;HAWA;교역품;KDELBVQG;;P001;2차 가공품;KG
000000000002000029;HAWA;교역품;KDELBVQG;;P001;2차 가공품;KG
000000000002000036;HAWA;교역품;KDELBVQG;;P001;2차 가공품;KG
000000000002000041;HAWA;교역품;KDELBVQG;;P001;2차 가공품;KG
000000000002000043;HAWA;교역품;KDELBVQG;;P001;2차 가공품;KG
000000000002000044;HAWA;교역품;KDELBVQG;;P002;구매자재;KG
000000000002000045;HAWA;교역품;KDELBVQG;;P002;구매자재;KG
000000000002000050;HAWA;교역품;KDELBVQG;;P002;구매자재;KG
000000000002000051;HAWA;교역품;KDELBVQG;;P002;구매자재;KG
000000000002000052;HAWA;교역품;KDELBVQG;;P002;구매자재;KG
000000000002000053;HAWA;교역품;KDELBVQG;;P002;구매자재;KG
000000000002000054;HAWA;교역품;KDELBVQG;;P002;구매자재;KG
000000000002000055;HAWA;교역품;KDELBVQG;;P002;구매자재;KG
000000000002000056;HAWA;교역품;KDELBVQG;;P002;구매자재;KG
000000000002000057;HAWA;교역품;KDELBVQG;;P002;구매자재;KG
000000000002000058;HAWA;교역품;KDELBVQG;;P002;구매자재;KG
000000000002000059;HAWA;교역품;KDELBVQG;;P002;구매자재;KG
000000000002000060;HAWA;교역품;KDELBVQG;;P002;구매자재;KG
000000000002000061;HAWA;교역품;KDELBVQG;;P002;구매자재;KG
000000000002000062;HAWA;교역품;KDELBVQG;;P002;구매자재;KG
000000000002000063;HAWA;교역품;KDELBVQG;;P002;구매자재;KG
000000000002000064;HAWA;교역품;KDELBVQG;;P002;구매자재;KG
000000000002000065;HAWA;교역품;KDELBVQG;;P002;구매자재;KG
000000000002000066;HAWA;교역품;KDELBVQG;;P002;구매자재;KG
000000000002000067;HAWA;교역품;KDELBVQG;;P002;구매자재;KG
000000000002000068;HAWA;교역품;KDELBVQG;;P002;구매자재;KG
000000000002000069;HAWA;교역품;KDELBVQG;;P002;구매자재;KG
000000000002000070;HAWA;교역품;KDELBVQG;;P002;구매자재;KG
000000000002000071;HAWA;교역품;KDELBVQG;;P002;구매자재;KG
000000000002000072;HAWA;교역품;KDELBVQG;;P002;구매자재;KG
000000000002000073;HAWA;교역품;KDELBVQG;;P002;구매자재;KG
000000000002000074;HAWA;교역품;KDELBVQG;;P002;구매자재;KG
000000000002000075;HAWA;교역품;KDELBVQG;;P002;구매자재;KG
000000000002000076;HAWA;교역품;KDELBVQG;;P002;구매자재;KG
000000000002000078;HAWA;교역품;KDELBVQG;;P002;구매자재;KG
000000000002000079;HAWA;교역품;KDELBVQG;;P002;구매자재;KG
000000000002000081;HAWA;교역품;KDELBVQG;;P003;1차 가공품;KG
000000000002000083;HAWA;교역품;KDELBVQG;;P002;구매자재;KG
000000000002000084;HAWA;교역품;KDELBVQG;;P002;구매자재;KG
000000000002000085;HAWA;교역품;KDELBVQG;;P002;구매자재;KG
000000000002000086;HAWA;교역품;KDELBVQG;;P002;구매자재;KG
000000000002000087;HAWA;교역품;KDELBVQG;;P002;구매자재;KG
000000000002000088;HAWA;교역품;KDELBVQG;;P002;구매자재;KG
000000000002000089;HAWA;교역품;KDELBVQG;;P002;구매자재;KG
000000000002000090;HAWA;교역품;KDELBVQG;;P002;구매자재;KG
000000000002000094;HAWA;교역품;KDELBVQG;;P003;1차 가공품;KG
000000000002000095;HAWA;교역품;KDELBVQG;;P002;구매자재;KG
000000000002000096;HAWA;교역품;KDELBVQG;;P002;구매자재;KG
000000000002000097;HAWA;교역품;KDELBVQG;;P002;구매자재;KG
000000000002000098;HAWA;교역품;KDELBVQG;;P003;1차 가공품;KG
000000000002000099;HAWA;교역품;KDELBVQG;;P001;2차 가공품;KG
000000000002000109;HAWA;교역품;KDELBVQG;;P001;2차 가공품;KG
000000000002000110;HAWA;교역품;KDELBVQG;;P001;2차 가공품;KG
000000000002000112;HAWA;교역품;KDELBVQG;;P002;구매자재;KG
000000000002000113;HAWA;교역품;KDELBVQG;;P002;구매자재;KG
000000000002900000;HAWA;교역품;KDELBVQG;;P999;기타;KG
000000000002900001;HAWA;교역품;KDELBVQG;;P999;기타;KG
000000000003000001;HALB;반제품;KDEALBVQGC;;P001;2차 가공품;KG
000000000003000002;HALB;반제품;KDEALBVQGC;;P001;2차 가공품;KG
000000000003000003;HALB;반제품;KDEALBVQGC;;P001;2차 가공품;KG
000000000003000004;HALB;반제품;KDEALBVQGC;;P001;2차 가공품;KG
000000000003000005;HALB;반제품;KDEALBVQGC;;P001;2차 가공품;KG
000000000003000006;HALB;반제품;KDEALBVQGC;;P001;2차 가공품;KG
000000000003000007;HALB;반제품;KDEALBVQGC;;P002;구매자재;KG
000000000003000008;HALB;반제품;KDEALBVQGC;;P001;2차 가공품;KG
000000000003000009;HALB;반제품;KDEALBVQGC;;P001;2차 가공품;KG
000000000003000010;HALB;반제품;KDEALBVQGC;;P002;구매자재;KG
000000000003000011;HALB;반제품;KDEALBVQGC;;P001;2차 가공품;KG
000000000003000012;HALB;반제품;KDEALBVQGC;;P001;2차 가공품;KG
000000000003000013;HALB;반제품;KDEALBVQGC;;P001;2차 가공품;KG
000000000003000014;HALB;반제품;KDEALBVQGC;;P002;구매자재;KG
000000000003000015;HALB;반제품;KDEALBVQGC;;P002;구매자재;KG
000000000003000016;HALB;반제품;KDEALBVQGC;;P001;2차 가공품;KG
000000000003000017;HALB;반제품;KDEALBVQGC;;P002;구매자재;KG
000000000003000018;HALB;반제품;KDEALBVQGC;;P001;2차 가공품;KG
000000000003000019;HALB;반제품;KDEALBVQGC;;P002;구매자재;KG
000000000003000020;HALB;반제품;KDEALBVQGC;;P001;2차 가공품;KG
000000000003000021;HALB;반제품;KDEALBVQGC;;P001;2차 가공품;KG
000000000003000022;HALB;반제품;KDEALBVQGC;;P001;2차 가공품;KG
000000000003000023;HALB;반제품;KDEALBVQGC;;P001;2차 가공품;KG
000000000003000024;HALB;반제품;KDEALBVQGC;;P001;2차 가공품;KG
000000000003000301;HALB;반제품;KDEALBVQGC;;P001;2차 가공품;KG
000000000003000302;HALB;반제품;KDEALBVQGC;;P001;2차 가공품;KG
000000000003000303;HALB;반제품;KDEALBVQGC;;P001;2차 가공품;KG
000000000003000304;HALB;반제품;KDEALBVQGC;;P001;2차 가공품;KG
000000000003000305;HALB;반제품;KDEALBVQGC;;P002;구매자재;KG
000000000003000306;HALB;반제품;KDEALBVQGC;;P002;구매자재;KG
000000000003000307;HALB;반제품;KDEALBVQGC;;P001;2차 가공품;KG
000000000003000308;HALB;반제품;KDEALBVQGC;;P001;2차 가공품;KG
000000000003000309;HALB;반제품;KDEALBVQGC;;P001;2차 가공품;KG
000000000003000310;HALB;반제품;KDEALBVQGC;;P001;2차 가공품;KG
000000000003000311;HALB;반제품;KDEALBVQGC;;P001;2차 가공품;KG
000000000003000312;HALB;반제품;KDEALBVQGC;;P001;2차 가공품;KG
000000000003000313;HALB;반제품;KDEALBVQGC;;P001;2차 가공품;KG
000000000003000314;HALB;반제품;KDEALBVQGC;;P001;2차 가공품;KG
000000000003000315;HALB;반제품;KDEALBVQGC;;P001;2차 가공품;KG
000000000003000316;HALB;반제품;KDEALBVQGC;;P001;2차 가공품;KG
000000000003000317;HALB;반제품;KDEALBVQGC;;P001;2차 가공품;KG
000000000003000318;HALB;반제품;KDEALBVQGC;;P001;2차 가공품;KG
000000000003000319;HALB;반제품;KDEALBVQGC;;P001;2차 가공품;KG
000000000003000320;HALB;반제품;KDEALBVQGC;;P002;구매자재;KG
000000000003000321;HALB;반제품;KDEALBVQGC;;P003;1차 가공품;KG
000000000003000322;HALB;반제품;KDEALBVQGC;;P003;1차 가공품;KG
000000000003000323;HALB;반제품;KDEALBVQGC;;P003;1차 가공품;KG
000000000003000324;HALB;반제품;KDEALBVQGC;;P003;1차 가공품;KG
000000000003000325;HALB;반제품;KDEALBVQGC;;P003;1차 가공품;KG
000000000003000326;HALB;반제품;KDEALBVQGC;;P003;1차 가공품;KG
000000000003000327;HALB;반제품;KDEALBVQGC;;P001;2차 가공품;KG
000000000003000328;HALB;반제품;KDEALBVQGC;;P001;2차 가공품;KG
000000000003000329;HALB;반제품;KDEALBVQGC;;P002;구매자재;KG
000000000003000330;HALB;반제품;KDEALBVQGC;;P002;구매자재;KG
000000000003000331;HALB;반제품;KDEALBVQGC;;P002;구매자재;KG
000000000003000332;HALB;반제품;KDEALBVQGC;;P001;2차 가공품;KG
000000000003000333;HALB;반제품;KDEALBVQGC;;P001;2차 가공품;KG
000000000003000334;HALB;반제품;KDEALBVQGC;;P001;2차 가공품;KG
000000000003000335;HALB;반제품;KDEALBVQGC;;P001;2차 가공품;KG
000000000003000336;HALB;반제품;KDEALBVQGC;;P001;2차 가공품;KG
000000000003000337;HALB;반제품;KDEALBVQGC;;P001;2차 가공품;KG
000000000003000338;HALB;반제품;KDEALBVQGC;;P001;2차 가공품;KG
000000000003000339;HALB;반제품;KDEALBVQGC;;P001;2차 가공품;KG
000000000003000340;HALB;반제품;KDEALBVQGC;;P001;2차 가공품;KG
000000000003000341;HALB;반제품;KDEALBVQGC;;P001;2차 가공품;KG
000000000003000342;HALB;반제품;KDEALBVQGC;;P001;2차 가공품;KG
000000000003000343;HALB;반제품;KDEALBVQGC;;P001;2차 가공품;KG
000000000003000344;HALB;반제품;KDEALBVQGC;;P001;2차 가공품;KG
000000000003000345;HALB;반제품;KDEALBVQGC;;P001;2차 가공품;KG
000000000003000346;HALB;반제품;KDEALBVQGC;;P001;2차 가공품;KG
000000000003000347;HALB;반제품;KDEALBVQGC;;P001;2차 가공품;KG
000000000003000348;HALB;반제품;KDEALBVQGC;;P001;2차 가공품;KG
000000000003000349;HALB;반제품;KDEALBVQGC;;P001;2차 가공품;KG
000000000003000350;HALB;반제품;KDEALBVQGC;;P001;2차 가공품;KG
000000000003000351;HALB;반제품;KDEALBVQGC;;P001;2차 가공품;KG
000000000003000352;HALB;반제품;KDEALBVQGC;;P001;2차 가공품;KG
000000000003000353;HALB;반제품;KDEALBVQGC;;P001;2차 가공품;KG
000000000003000354;HALB;반제품;KDEALBVQGC;;P001;2차 가공품;KG
000000000003000355;HALB;반제품;KDEALBVQGC;;P001;2차 가공품;KG
000000000003000356;HALB;반제품;KDEALBVQGC;;P001;2차 가공품;KG
000000000003000357;HALB;반제품;KDEALBVQGC;;P001;2차 가공품;KG
000000000003000358;HALB;반제품;KDEALBVQGC;;P001;2차 가공품;KG
000000000003000359;HALB;반제품;KDEALBVQGC;;P001;2차 가공품;KG
000000000003000360;HALB;반제품;KDEALBVQGC;;P001;2차 가공품;KG
000000000003000361;HALB;반제품;KDEALBVQGC;;P001;2차 가공품;KG
000000000003000362;HALB;반제품;KDEALBVQGC;;P001;2차 가공품;KG
000000000003000363;HALB;반제품;KDEALBVQGC;;P001;2차 가공품;KG
000000000003000364;HALB;반제품;KDEALBVQGC;;P001;2차 가공품;KG
000000000003000365;HALB;반제품;KDEALBVQGC;;P001;2차 가공품;KG
000000000003000366;HALB;반제품;KDEALBVQGC;;P001;2차 가공품;KG
000000000003000367;HALB;반제품;KDEALBVQGC;;P001;2차 가공품;KG
000000000003000368;HALB;반제품;KDEALBVQGC;;P001;2차 가공품;KG
000000000003000369;HALB;반제품;KDEALBVQGCPS;;P002;구매자재;KG
000000000003000370;HALB;반제품;KDEALBVQGC;;P001;2차 가공품;KG
000000000003000371;HALB;반제품;KDEALBVQGC;;P001;2차 가공품;KG
000000000003000372;HALB;반제품;KDEALBVQGC;;P001;2차 가공품;KG
000000000003000373;HALB;반제품;KDEALBVQGC;;P001;2차 가공품;KG
000000000003000374;HALB;반제품;KDEALBVQGC;;P001;2차 가공품;KG
000000000003000375;HALB;반제품;KDEALBVQGC;;P001;2차 가공품;KG
000000000003000376;HALB;반제품;KDEALBVQGC;;P001;2차 가공품;KG
000000000003000377;HALB;반제품;KDEALBVQGC;;P001;2차 가공품;KG
000000000003000378;HALB;반제품;KDEALBVQGC;;P001;2차 가공품;KG
000000000003000379;HALB;반제품;KDEALBVQGC;;P001;2차 가공품;KG
000000000003000380;HALB;반제품;KDEALBVQGC;;P001;2차 가공품;KG
000000000003000381;HALB;반제품;KDEALBVQGC;;P001;2차 가공품;KG
000000000003000382;HALB;반제품;KDEALBVQGC;;P001;2차 가공품;KG
000000000003000383;HALB;반제품;KDEALBVQGC;;P001;2차 가공품;KG
000000000003000384;HALB;반제품;KDEALBVQGC;;P001;2차 가공품;KG
000000000003000385;HALB;반제품;KDEALBVQGC;;P001;2차 가공품;KG
000000000003000386;HALB;반제품;KDEALBVQGC;;P001;2차 가공품;KG
000000000003000387;HALB;반제품;KDEALBVQGC;;P001;2차 가공품;KG
000000000003000388;HALB;반제품;KDEALBVQGC;;P001;2차 가공품;KG
000000000003000389;HALB;반제품;KDEALBVQGC;;P001;2차 가공품;KG
000000000003000390;HALB;반제품;KDEALBVQGC;;P001;2차 가공품;KG
000000000003000391;HALB;반제품;KDEALBVQGC;;P001;2차 가공품;KG
000000000003000392;HALB;반제품;KDEALBVQGC;;P001;2차 가공품;KG
000000000003000393;HALB;반제품;KDEALBVQGC;;P001;2차 가공품;KG
000000000003000999;HALB;반제품;KDEALBSG;;P001;2차 가공품;KG
000000000004000001;ROH;원자재;KDELBVQGC;;P701;일반물;KG
000000000004000003;ROH;원자재;KDELBVQGC;;P999;기타;KG
000000000004000004;ROH;원자재;KDELBVQGC;;P702;1차 가공품;KG
000000000004000006;ROH;원자재;KDELBVQGC;;P702;1차 가공품;KG
000000000004000007;ROH;원자재;KDELBVQGC;;P702;1차 가공품;KG
000000000004000008;ROH;원자재;KDELBVQGC;;P702;1차 가공품;KG
000000000004000009;ROH;원자재;KDELBVQGC;;P999;기타;KG
000000000004000010;ROH;원자재;KDELBVQGC;;P702;1차 가공품;KG
000000000004000012;ROH;원자재;KDELBVQGC;;P999;기타;KG
000000000004000013;ROH;원자재;KDELBVQGC;;P999;기타;KG
000000000004000014;ROH;원자재;KDELBVQGC;;P999;기타;KG
000000000004000015;ROH;원자재;KDELBVQGC;;P702;1차 가공품;KG
000000000004000016;ROH;원자재;KDELBVQGC;;P702;1차 가공품;KG
000000000004000017;ROH;원자재;KDELBVQGC;;P999;기타;KG
000000000004000018;ROH;원자재;KDELBVQGC;;P001;2차 가공품;KG
000000000004000020;ROH;원자재;KDELBVQGC;;P999;기타;KG
000000000004000021;ROH;원자재;KDELBVQGC;;P999;기타;KG
000000000004000022;ROH;원자재;KDELBVQGC;;P701;일반물;KG
000000000004000023;ROH;원자재;KDELBVQGC;;P701;일반물;KG
000000000004000024;ROH;원자재;KDELBVQGC;;P702;1차 가공품;KG
000000000004000028;ROH;원자재;KDELBVQGC;;P701;일반물;KG
000000000004000029;ROH;원자재;KDELBVQGC;;P999;기타;KG
000000000004000030;ROH;원자재;KDELBVQGC;;P701;일반물;KG
000000000004000031;ROH;원자재;KDELBVQGC;;P999;기타;KG
000000000004000032;ROH;원자재;KDELBVQGC;;P999;기타;KG
000000000004000034;ROH;원자재;KDELBVQGC;;P702;1차 가공품;KG
000000000004000036;ROH;원자재;KDELBVQGC;;P702;1차 가공품;KG
000000000004000037;ROH;원자재;KDELBVQGC;;P702;1차 가공품;KG
000000000004000038;ROH;원자재;KDELBVQGC;;P703;유독물;KG
000000000004000039;ROH;원자재;KDELBVQGC;;P702;1차 가공품;KG
000000000004000041;ROH;원자재;KDELBVQGC;;P999;기타;KG
000000000004000043;ROH;원자재;KDELBVQGC;;P701;일반물;KG
000000000004000044;ROH;원자재;KDELBVQGC;;P702;1차 가공품;KG
000000000004000045;ROH;원자재;KDELBVQGC;;P703;유독물;KG
000000000004000047;ROH;원자재;KDELBVQGC;;P999;기타;KG
000000000004000048;ROH;원자재;KDELBVQGC;;P999;기타;KG
000000000004000049;ROH;원자재;KDELBVQGC;;P702;1차 가공품;KG
000000000004000051;ROH;원자재;KDELBVQGC;;P702;1차 가공품;KG
000000000004000052;ROH;원자재;KDELBVQGC;;P701;일반물;KG
000000000004000053;ROH;원자재;KDELBVQGC;;P999;기타;KG
000000000004000054;ROH;원자재;KDELBVQGC;;P701;일반물;KG
000000000004000055;ROH;원자재;KDELBVQGC;;P702;1차 가공품;KG
000000000004000056;ROH;원자재;KDELBVQGC;;P702;1차 가공품;KG
000000000004000057;ROH;원자재;KDELBVQGC;;P702;1차 가공품;KG
000000000004000058;ROH;원자재;KDELBVQGC;;P701;일반물;KG
000000000004000059;ROH;원자재;KDELBVQGC;;P999;기타;KG
000000000004000062;ROH;원자재;KDELBVQGC;;P702;1차 가공품;KG
000000000004000063;ROH;원자재;KDELBVQGC;;P999;기타;KG
000000000004000064;ROH;원자재;KDELBVQGC;;P999;기타;KG
000000000004000065;ROH;원자재;KDELBVQGC;;P999;기타;KG
000000000004000066;ROH;원자재;KDELBVQGC;;P999;기타;KG
000000000004000069;ROH;원자재;KDELBVQGC;;P999;기타;KG
000000000004000071;ROH;원자재;KDELBVQGC;;P702;1차 가공품;KG
000000000004000072;ROH;원자재;KDELBVQGC;;P999;기타;KG
000000000004000073;ROH;원자재;KDELBVQGC;;P702;1차 가공품;KG
000000000004000074;ROH;원자재;KDELBVQGC;;P702;1차 가공품;KG
000000000004000077;ROH;원자재;KDELBVQGC;;P702;1차 가공품;KG
000000000004000078;ROH;원자재;KDELBVQGC;;P999;기타;KG
000000000004000080;ROH;원자재;KDELBVQGC;;P999;기타;KG
000000000004000081;ROH;원자재;KDELBVQGC;;P701;일반물;KG
000000000004000083;ROH;원자재;KDELBVQGC;;P702;1차 가공품;KG
000000000004000084;ROH;원자재;KDELBVQGC;;P701;일반물;KG
000000000004000085;ROH;원자재;KDELBVQGC;;P702;1차 가공품;KG
000000000004000086;ROH;원자재;KDELBVQGC;;P999;기타;KG
000000000004000088;ROH;원자재;KDELBVQGC;;P702;1차 가공품;KG
000000000004000089;ROH;원자재;KDELBVQGC;;P999;기타;KG
000000000004000090;ROH;원자재;KDELBVQGC;;P999;기타;KG
000000000004000092;ROH;원자재;KDELBVQGC;;P702;1차 가공품;KG
000000000004000093;ROH;원자재;KDELBVQGC;;P701;일반물;KG
000000000004000095;ROH;원자재;KDELBVQGC;;P702;1차 가공품;KG
000000000004000096;ROH;원자재;KDELBVQGC;;P702;1차 가공품;KG
000000000004000097;ROH;원자재;KDELBVQGC;;P999;기타;KG
000000000004000100;ROH;원자재;KDELBVQGC;;P701;일반물;KG
000000000004000101;ROH;원자재;KDELBVQGC;;P702;1차 가공품;KG
000000000004000102;ROH;원자재;KDELBVQGC;;P999;기타;KG
000000000004000103;ROH;원자재;KDELBVQGC;;P999;기타;KG
000000000004000104;ROH;원자재;KDELBVQGC;;P702;1차 가공품;KG
000000000004000105;ROH;원자재;KDELBVQGC;;P702;1차 가공품;KG
000000000004000106;ROH;원자재;KDELBVQGC;;P702;1차 가공품;KG
000000000004000107;ROH;원자재;KDELBVQGC;;P702;1차 가공품;KG
000000000004000108;ROH;원자재;KDELBVQGC;;P702;1차 가공품;KG
000000000004000109;ROH;원자재;KDELBVQGC;;P702;1차 가공품;KG
000000000004000110;ROH;원자재;KDELBVQGC;;P702;1차 가공품;KG
000000000004000111;ROH;원자재;KDELBVQGC;;P702;1차 가공품;KG
000000000004000112;ROH;원자재;KDELBVQGC;;P701;일반물;KG
000000000004000113;ROH;원자재;KDELBVQGC;;P702;1차 가공품;KG
000000000004000115;ROH;원자재;KDELBVQGC;;P701;일반물;KG
000000000004000116;ROH;원자재;KDELBVQGC;;P701;일반물;KG
000000000004000118;ROH;원자재;KDELBVQGC;;P702;1차 가공품;KG
000000000004000119;ROH;원자재;KDELBVQGC;;P702;1차 가공품;KG
000000000004000120;ROH;원자재;KDELBVQGC;;P999;기타;KG
000000000004000121;ROH;원자재;KDELBVQGC;;P999;기타;KG
000000000004000124;ROH;원자재;KDELBVQGC;;P702;1차 가공품;KG
000000000004000125;ROH;원자재;KDELBVQGC;;P702;1차 가공품;KG
000000000004000127;ROH;원자재;KDELBVQGC;;P702;1차 가공품;KG
000000000004000128;ROH;원자재;KDELBVQGC;;P702;1차 가공품;KG
000000000004000129;ROH;원자재;KDELBVQGC;;P702;1차 가공품;KG
000000000004000130;ROH;원자재;KDELBVQGC;;P702;1차 가공품;KG
000000000004000131;ROH;원자재;KDELBVQGC;;P999;기타;KG
000000000004000132;ROH;원자재;KDELBVQGC;;P999;기타;KG
000000000004000133;ROH;원자재;KDELBVQGC;;P999;기타;KG
000000000004000134;ROH;원자재;KDELBVQGC;;P999;기타;KG
000000000004000136;ROH;원자재;KDELBVQGC;;P999;기타;KG
000000000004000137;ROH;원자재;KDELBVQGC;;P701;일반물;KG
000000000004000138;ROH;원자재;KDELBVQGC;;P702;1차 가공품;KG
000000000004000141;ROH;원자재;KDELBVQGC;;P701;일반물;KG
000000000004000143;ROH;원자재;KDELBVQGC;;P702;1차 가공품;KG
000000000004000144;ROH;원자재;KDELBVQGC;;P999;기타;KG
000000000004000145;ROH;원자재;KDELBVQGC;;P701;일반물;KG
000000000004000146;ROH;원자재;KDELBVQGC;;P702;1차 가공품;KG
000000000004000147;ROH;원자재;KDELBVQGC;;P701;일반물;KG
000000000004000148;ROH;원자재;KDELBVQGC;;P701;일반물;KG
000000000004000149;ROH;원자재;KDELBVQGC;;P701;일반물;KG
000000000004000151;ROH;원자재;KDELBVQGC;;P702;1차 가공품;KG
000000000004000152;ROH;원자재;KDELBVQGC;;P702;1차 가공품;KG
000000000004000153;ROH;원자재;KDELBVQGC;;P702;1차 가공품;KG
000000000004000154;ROH;원자재;KDELBVQGC;;P702;1차 가공품;KG
000000000004000155;ROH;원자재;KDELBVQGC;;P702;1차 가공품;KG
000000000004000156;ROH;원자재;KDELBVQGC;;P999;기타;KG
000000000004000158;ROH;원자재;KDELBVQGC;;P702;1차 가공품;KG
000000000004000161;ROH;원자재;KDELBVQGC;;P701;일반물;KG
000000000004000162;ROH;원자재;KDELBVQGC;;P701;일반물;KG
000000000004000163;ROH;원자재;KDELBVQGC;;P701;일반물;KG
000000000004000164;ROH;원자재;KDELBVQGC;;P999;기타;KG
000000000004000165;ROH;원자재;KDELBVQGC;;P701;일반물;KG
000000000004000167;ROH;원자재;KDELBVQGC;;P703;유독물;KG
000000000004000168;ROH;원자재;KDELBVQGC;;P702;1차 가공품;KG
000000000004000169;ROH;원자재;KDELBVQGC;;P702;1차 가공품;KG
000000000004000170;ROH;원자재;KDELBVQGC;;P999;기타;KG
000000000004000172;ROH;원자재;KDELBVQGC;;P702;1차 가공품;KG
000000000004000173;ROH;원자재;KDELBVQGC;;P702;1차 가공품;KG
000000000004000175;ROH;원자재;KDELBVQGC;;P702;1차 가공품;KG
000000000004000177;ROH;원자재;KDELBVQGC;;P999;기타;KG
000000000004000178;ROH;원자재;KDELBVQGC;;P701;일반물;KG
000000000004000179;ROH;원자재;KDELBVQGC;;P701;일반물;KG
000000000004000180;ROH;원자재;KDELBVQGC;;P701;일반물;KG
000000000004000181;ROH;원자재;KDELBVQGC;;P702;1차 가공품;KG
000000000004000182;ROH;원자재;KDELBVQGC;;P999;기타;KG
000000000004000183;ROH;원자재;KDELBVQGC;;P999;기타;KG
000000000004000184;ROH;원자재;KDELBVQGC;;P701;일반물;KG
000000000004000185;ROH;원자재;KDELBVQGC;;P999;기타;KG
000000000004000188;ROH;원자재;KDELBVQGC;;P999;기타;KG
000000000004000189;ROH;원자재;KDELBVQGC;;P702;1차 가공품;KG
000000000004000191;ROH;원자재;KDELBVQGCS;;P702;1차 가공품;KG
000000000004000192;ROH;원자재;KDELBVQGC;;P702;1차 가공품;KG
000000000004000193;ROH;원자재;KDELBVQGC;;P702;1차 가공품;KG
000000000004000194;ROH;원자재;KDELBVQGC;;P999;기타;KG
000000000004000195;ROH;원자재;KDELBVQGC;;P999;기타;KG
000000000004000196;ROH;원자재;KDELBVQGC;;P702;1차 가공품;KG
000000000004000197;ROH;원자재;KDELBVQGC;;P999;기타;KG
000000000004000198;ROH;원자재;KDELBVQGC;;P701;일반물;KG
000000000004000199;ROH;원자재;KDELBVQGC;;P702;1차 가공품;KG
000000000004000200;ROH;원자재;KDELBVQGC;;P703;유독물;KG
000000000004000201;ROH;원자재;KDELBVQGC;;P702;1차 가공품;KG
000000000004000202;ROH;원자재;KDELBVQGC;;P702;1차 가공품;KG
000000000004000203;ROH;원자재;KDELBVQGC;;P999;기타;KG
000000000004000204;ROH;원자재;KDELBVQGC;;P999;기타;KG
000000000004000205;ROH;원자재;KDELBVQGC;;P701;일반물;KG
000000000004000209;ROH;원자재;KDELBVQGC;;P702;1차 가공품;KG
000000000004000210;ROH;원자재;KDELBVQGC;;P702;1차 가공품;KG
000000000004000211;ROH;원자재;KCVEDLBGQ;;P999;기타;KG
000000000004000212;ROH;원자재;KDELBVQGC;;P999;기타;KG
000000000004000213;ROH;원자재;KDELBVQGC;;P999;기타;KG
000000000004000214;ROH;원자재;KDELBVQGC;;P702;1차 가공품;KG
000000000004000215;ROH;원자재;KDELBVQGC;;P701;일반물;KG
000000000004000216;ROH;원자재;KDELBVQGC;;P702;1차 가공품;KG
000000000004000225;ROH;원자재;KDELBVQGC;;P702;1차 가공품;KG
000000000004000226;ROH;원자재;KDELBVQGC;;P702;1차 가공품;KG
000000000004000227;ROH;원자재;KDELBVQGC;;P702;1차 가공품;KG
000000000004000228;ROH;원자재;KDELBVQGC;;P701;일반물;KG
000000000004000229;ROH;원자재;KDELBVQGC;;P701;일반물;KG
000000000004000231;ROH;원자재;KDELBVQGC;;P701;일반물;KG
000000000004000232;ROH;원자재;KDELBVQGC;;P999;기타;KG
000000000004000233;ROH;원자재;KDELBVQGC;;P702;1차 가공품;KG
000000000004000234;ROH;원자재;KDELBVQGC;;P702;1차 가공품;KG
000000000004000235;ROH;원자재;KDELBVQGC;;P999;기타;KG
000000000004000236;ROH;원자재;KDELBVQGC;;P999;기타;KG
000000000004000237;ROH;원자재;KDELBVQGC;;P999;기타;KG
000000000004000238;ROH;원자재;KDELBVQGC;;P702;1차 가공품;KG
000000000004000239;ROH;원자재;KDELBVQGC;;P702;1차 가공품;KG
000000000004000240;ROH;원자재;KDELBVQGC;;P702;1차 가공품;KG
000000000004000241;ROH;원자재;KDELBVQGC;;P701;일반물;KG
000000000004000242;ROH;원자재;KDELBVQGC;;P703;유독물;KG
000000000004000243;ROH;원자재;KDELBVQGC;;P703;유독물;KG
000000000004000245;ROH;원자재;KDELBVQGC;;P701;일반물;KG
000000000004000246;ROH;원자재;KDELBVQGC;;P702;1차 가공품;KG
000000000004000247;ROH;원자재;KDELBVQGC;;P702;1차 가공품;KG
000000000004000249;ROH;원자재;KDELBVQGC;;P701;일반물;KG
000000000004000250;ROH;원자재;KDELBVQGC;;P701;일반물;KG
000000000004000251;ROH;원자재;KDELBVQGC;;P701;일반물;KG
000000000004300001;ZROH;재생원료;KDELBVQGC;;P702;1차 가공품;KG
000000000004300002;ZROH;재생원료;KDELBVQGC;;P702;1차 가공품;KG
000000000004300003;ZROH;재생원료;KDELBVQGC;;P702;1차 가공품;KG
000000000004300005;ZROH;재생원료;KDELBVQGC;;P702;1차 가공품;KG
000000000004300007;ZROH;재생원료;KDELBVQGC;;P702;1차 가공품;KG
000000000004300010;ZROH;재생원료;KDELBVQGC;;P702;1차 가공품;KG
000000000004300011;ZROH;재생원료;KDELBVQGC;;P702;1차 가공품;KG
000000000004300012;ZROH;재생원료;KDELBVQGC;;P702;1차 가공품;KG
000000000004300016;ZROH;재생원료;KDELBVQGC;;P702;1차 가공품;KG
000000000004300019;ZROH;재생원료;KDELBVQGC;;P702;1차 가공품;KG
000000000004300020;ZROH;재생원료;KDELBVQGC;;P702;1차 가공품;KG
000000000004300021;ZROH;재생원료;KDELBVQGC;;P703;유독물;KG
000000000004400001;YROH;폐액;KDELBVQG;;P702;1차 가공품;KG
000000000004400002;YROH;폐액;KDELBVQG;;P702;1차 가공품;KG
000000000004400003;YROH;폐액;KDELBVQG;;P702;1차 가공품;KG
000000000004400004;YROH;폐액;KDELBVQG;;P702;1차 가공품;KG
000000000004400005;YROH;폐액;KDELBVQG;;P702;1차 가공품;KG
000000000004400006;YROH;폐액;KDELBVQG;;P702;1차 가공품;KG
000000000004400007;YROH;폐액;KDELBVQG;;P702;1차 가공품;KG
000000000004400008;YROH;폐액;KDELBVQG;;P702;1차 가공품;KG
000000000004400009;YROH;폐액;KDELBVQG;;P702;1차 가공품;KG
000000000004400010;YROH;폐액;KDELBVQG;;P702;1차 가공품;KG
000000000004400011;YROH;폐액;KDELBVQG;;P702;1차 가공품;KG
000000000004400012;YROH;폐액;KDELBVQG;;P702;1차 가공품;KG
000000000004400013;YROH;폐액;KDELBVQG;;P702;1차 가공품;KG
000000000004400014;YROH;폐액;KDELBVQG;;P702;1차 가공품;KG
000000000004400015;YROH;폐액;KDELBVQG;;P702;1차 가공품;KG
000000000004400016;YROH;폐액;KDELBVQG;;P702;1차 가공품;KG
000000000004400019;YROH;폐액;KDELBVQG;;P702;1차 가공품;KG
000000000004400020;YROH;폐액;KDELBVQG;;P702;1차 가공품;KG
000000000004400021;YROH;폐액;KDELBVQG;;P702;1차 가공품;KG
000000000004400023;YROH;폐액;KDELBVQG;;P702;1차 가공품;KG
000000000005000000;VERP;포장재;KDELBVQG;;P999;기타;EA
000000000005000001;VERP;포장재;KDELBVQG;;P999;기타;EA
000000000005000002;VERP;포장재;KDELBVQG;;P999;기타;EA
000000000005000003;VERP;포장재;KDELBVQG;;P999;기타;EA
000000000005000004;VERP;포장재;KDELBVQG;;P999;기타;EA
000000000005000005;VERP;포장재;KDELBVQG;;P999;기타;EA
000000000005000006;VERP;포장재;KDELBVQG;;P999;기타;EA
000000000005000007;VERP;포장재;KDELBVQG;;P999;기타;EA
000000000005000008;VERP;포장재;KDELBVQG;;P999;기타;EA
000000000005000009;VERP;포장재;KDELBVQG;;P999;기타;EA
000000000005000010;VERP;포장재;KDELBVQG;;P999;기타;EA
000000000005000011;VERP;포장재;KDELBVQG;;P999;기타;EA
000000000005000012;VERP;포장재;KDELBVQG;;P999;기타;EA
000000000005000014;VERP;포장재;KDELBVQG;;P999;기타;EA
000000000005000018;VERP;포장재;KDELBVQG;;P999;기타;EA
000000000005000020;VERP;포장재;KDELBVQG;;P999;기타;EA
000000000005200000;HIBE;소모저장품;KDELBQG;;P999;기타;EA
000000000005200001;HIBE;소모저장품;KDELBQG;;P999;기타;EA
000000000005200002;HIBE;소모저장품;KDELBQG;;P999;기타;EA
000000000005200003;HIBE;소모저장품;KDELBQG;;P999;기타;EA
000000000005200004;HIBE;소모저장품;KDELBQG;;P999;기타;EA
000000000005200005;HIBE;소모저장품;KDELBQG;;P999;기타;EA
000000000005200006;HIBE;소모저장품;KDELBQG;;P999;기타;EA
000000000005200007;HIBE;소모저장품;KDELBQG;;P999;기타;EA
000000000005200008;HIBE;소모저장품;KDELBQG;;P999;기타;EA
000000000005200009;HIBE;소모저장품;KDELBQG;;P999;기타;EA
000000000005200010;HIBE;소모저장품;KDELBQG;;P999;기타;EA
000000000005200011;HIBE;소모저장품;KDELBQG;;P999;기타;EA
000000000005200012;HIBE;소모저장품;KDELBQG;;P999;기타;EA
000000000005200013;HIBE;소모저장품;KDELBQG;;P999;기타;EA
000000000005200014;HIBE;소모저장품;KDELBQG;;P999;기타;EA
000000000005200015;HIBE;소모저장품;KDELBQG;;P999;기타;EA
000000000005200016;HIBE;소모저장품;KDELBQG;;P999;기타;EA
000000000005200017;HIBE;소모저장품;KDELBQG;;P999;기타;EA
000000000005200018;HIBE;소모저장품;KDELBQG;;P999;기타;EA
000000000005200019;HIBE;소모저장품;KDELBQG;;P999;기타;EA
000000000005200020;HIBE;소모저장품;KDELBQG;;P999;기타;EA
000000000005200021;HIBE;소모저장품;KDELBQG;;P999;기타;EA
000000000005200028;HIBE;소모저장품;KDELBQG;;P999;기타;EA
000000000005200029;HIBE;소모저장품;KDELBQG;;P999;기타;EA
000000000005200030;HIBE;소모저장품;KDELBQG;;P999;기타;EA
000000000005200031;HIBE;소모저장품;KDELBQG;;P999;기타;EA
000000000005200032;HIBE;소모저장품;KDELBQG;;P999;기타;EA
000000000005200033;HIBE;소모저장품;KDELBQG;;P999;기타;EA
000000000005200035;HIBE;소모저장품;KDELBQG;;P999;기타;EA
000000000005200036;HIBE;소모저장품;KDELBQG;;P999;기타;EA
000000000005200037;HIBE;소모저장품;KDELBQG;;P999;기타;EA
000000000005200038;HIBE;소모저장품;KDELBQG;;P999;기타;EA
000000000005200044;HIBE;소모저장품;KDELBQG;;P999;기타;EA
000000000006000001;UNBW;비평가자재;KDELQ;;P701;일반물;KG
000000000006000002;UNBW;비평가자재;KDELQ;;P701;일반물;KG
000000000006000003;UNBW;비평가자재;KDELQC;;P701;일반물;KG
000000000006000004;UNBW;비평가자재;KDELQC;;P701;일반물;KG
000000000006000005;UNBW;비평가자재;KDELQ;;P702;1차 가공품;KG
